CandID,CourseID
DMCC2302,CP01
DMCC2303,CP01
DMCC2304,CP01
DMCC2305,CP01
DMCC2306,CP01
DMCC2307,CP01
DMCC2308,CP01
DMCC2309,CP01
DMCC23010,CP01
DMCC23011,CP01
DMCC23012,CP01
DMCC23013,CP01
DMCC23014,CP01
DMCC23015,CP01
DMCC23016,CP01
DMCC23017,CP01
DMCC23018,CP01
DMCC23019,CP01
DMCC23020,CP01
DMCC23021,CP01
DMCC23022,CP01
DMCC23023,CP01
DMCC23024,CP01
DMCC23025,CP01
DMCC23026,CP01
DMCC23027,CP01
DMCC23028,CP01
DMCC23029,CP01
DMCC23030,CP01
DMCC23031,CP01
DMCC23032,CP01
DMCC23033,CP01
DMCC23034,CP01
DMCC23035,CP01
DMCC23036,CP01
DMCC23037,CP01
DMCC23038,CP01
DMCC23039,CP01
DMCC23040,CP01
DMCC23041,CP01
DMCC23042,CP01
DMCC23043,CP01
DMCC23044,CP01
DMCC23045,CP01
DMCC23046,CP01
DMCC23047,CP01
DMCC23048,CP01
DMCC23049,CP01
DMCC23050,CP01
DMCC23051,CP01
DMCC23052,CP01
DMCC23053,CP01
DMCC23054,CP01
DMCC23055,CP01
DMCC23056,CP01
DMCC23057,CP01
DMCC23058,CP01
DMCC23059,CP01
DMCC23060,CP01
DMCC23061,CP01
DMCC23062,CP01
DMCC23063,CP01
DMCC23064,CP01
DMCC23065,CP01
DMCC23066,CP01
DMCC23067,CP01
DMCC23068,CP01
DMCC23069,CP01
DMCC23070,CP01
DMCC23071,CP01
DMCC23072,CP01
DMCC23073,CP01
DMCC23074,CP01
DMCC23075,CP01
DMCC23076,CP01
DMCC23077,CP01
DMCC23078,CP01
DMCC23079,CP01
DMCC23080,CP01
DMCC23081,CP01
DMCC23082,CP01
DMCC23083,CP01
DMCC23084,CP01
DMCC23085,CP01
DMCC23086,CP01
DMCC23087,CP01
DMCC23088,CP01
DMCC23089,CP01
DMCC23090,CP01
DMCC23091,CP01
DMCC23092,CP01
DMCC23093,CP01
DMCC23094,CP01
DMCC23095,CP01
DMCC23096,CP01
DMCC23097,CP01
DMCC23098,CP01
DMCC23099,CP01
DMCC230100,CP01
DMCC230101,CP01
DMCC230102,CP01
DMCC230103,CP01
DMCC230104,CP01
DMCC230105,CP01
DMCC230106,CP01
DMCC230107,CP01
DMCC230108,CP01
DMCC230109,CP01
DMCC230110,CP01
DMCC230111,CP01
DMCC230112,CP01
DMCC230113,CP01
DMCC230114,CP01
DMCC230115,CP01
DMCC230116,CP01
DMCC230117,CP01
DMCC230118,CP01
DMCC230119,CP01
DMCC230120,CP01
DMCC230121,CP01
DMCC230122,CP01
DMCC230123,CP01
DMCC230124,CP01
DMCC230125,CP01
DMCC230126,CP01
DMCC230127,CP01
DMCC230128,CP01
DMCC230129,CP01
DMCC230130,CP01
DMCC230131,CP01
DMCC230132,CP01
DMCC230133,CP01
DMCC230134,CP01
DMCC230135,CP01
DMCC230136,CP01
DMCC230137,CP01
DMCC230138,CP01
DMCC230139,CP01
DMCC230140,CP01
DMCC230141,CP01
DMCC230142,CP01
DMCC230143,CP01
DMCC230144,CP01
DMCC230145,CP01
DMCC230146,CP01
DMCC230147,CP01
DMCC230148,CP01
DMCC230149,CP01
DMCC230150,CP01
DMCC230151,CP01
DMCC230152,CP01
DMCC230153,CP01
DMCC230154,CP01
DMCC230155,CP01
DMCC230156,CP01
DMCC230157,CP01
DMCC230158,CP01
DMCC230159,CP01
DMCC230160,CP01
DMCC230161,CP01
DMCC230162,CP01
DMCC230163,CP01
DMCC230164,CP01
DMCC230165,CP01
DMCC230166,CP01
DMCC230167,CP01
DMCC230168,CP01
DMCC230169,CP01
DMCC230170,CP01
DMCC230171,CP01
DMCC230172,CP01
DMCC230173,CP01
DMCC230174,CP01
DMCC230175,CP01
DMCC230176,CP01
DMCC230177,CP01
DMCC230178,CP01
DMCC230179,CP01
DMCC230180,CP01
DMCC230181,CP01
DMCC230182,CP01
DMCC230183,CP01
DMCC230184,CP01
DMCC230185,CP01
DMCC230186,CP01
DMCC230187,CP01
DMCC230188,CP01
DMCC230189,CP01
DMCC230190,CP01
DMCC230191,CP01
DMCC230192,CP01
DMCC230193,CP01
DMCC230194,CP01
DMCC230195,CP01
DMCC230196,CP01
DMCC230197,CP01
DMCC230198,CP01
DMCC230199,CP01
DMCC230200,CP01
DMCC230201,CP01
DMCC230202,CP01
DMCC230203,CP01
DMCC230204,CP01
DMCC230205,CP01
DMCC230206,CP01
DMCC230207,CP01
DMCC230208,CP01
DMCC230209,CP01
DMCC230210,CP01
DMCC230211,CP01
DMCC230212,CP01
DMCC230213,CP01
DMCC230214,CP01
DMCC230215,CP01
DMCC230216,CP01
DMCC230217,CP01
DMCC230218,CP01
DMCC230219,CP01
DMCC230220,CP01
DMCC230221,CP01
DMCC230222,CP01
DMCC230223,CP01
DMCC230224,CP01
DMCC230225,CP01
DMCC230226,CP01
DMCC230227,CP01
DMCC230228,CP01
DMCC230229,CP01
DMCC230230,CP01
DMCC230231,CP01
DMCC230232,CP01
DMCC230233,CP01
DMCC230234,CP01
DMCC230235,CP01
DMCC230236,CP01
DMCC230237,CP01
DMCC230238,CP01
DMCC230239,CP01
DMCC230240,CP01
DMCC230241,CP01
DMCC230242,CP01
DMCC230243,CP01
DMCC230244,CP01
DMCC230245,CP01
DMCC230246,CP01
DMCC230247,CP01
DMCC230248,CP01
DMCC230249,CP01
DMCC230250,CP01
DMCC230251,CP01
DMCC230252,CP01
DMCC230253,CP01
DMCC230254,CP01
DMCC230255,CP01
DMCC230256,CP01
DMCC230257,CP01
DMCC230258,CP01
DMCC230259,CP01
DMCC230260,CP01
DMCC230261,CP01
DMCC230262,CP01
DMCC230263,CP01
DMCC230264,CP01
DMCC230265,CP01
DMCC230266,CP01
DMCC230267,CP01
DMCC230268,CP01
DMCC230269,CP01
DMCC230270,CP01
DMCC230271,CP01
DMCC230272,CP01
DMCC230273,CP01
DMCC230274,CP01
DMCC230275,CP01
DMCC230276,CP01
DMCC230277,CP01
DMCC230278,CP01
DMCC230279,CP01
DMCC230280,CP01
DMCC230281,CP01
DMCC230282,CP01
DMCC230283,CP01
DMCC230284,CP01
DMCC230285,CP01
DMCC230286,CP01
DMCC230287,CP01
DMCC230288,CP01
DMCC230289,CP01
DMCC230290,CP01
DMCC230291,CP01
DMCC230292,CP01
DMCC230293,CP01
DMCC230294,CP01
DMCC230295,CP01
DMCC230296,CP01
DMCC230297,CP01
DMCC230298,CP01
DMCC230299,CP01
DMCC230300,CP01
DMCC230301,CP01
DMCC230302,CP01
DMCC230303,CP01
DMCC230304,CP01
DMCC230305,CP01
DMCC230306,CP01
DMCC230307,CP01
DMCC230308,CP01
DMCC230309,CP01
DMCC230310,CP01
DMCC230311,CP01
DMCC230312,CP01
DMCC230313,CP01
DMCC230314,CP01
DMCC230315,CP01
DMCC230316,CP01
DMCC230317,CP01
DMCC230318,CP01
DMCC230319,CP01
DMCC230320,CP01
DMCC230321,CP01
DMCC230322,CP01
DMCC230323,CP01
DMCC230324,CP01
DMCC230325,CP01
DMCC230326,CP01
DMCC230327,CP01
DMCC230328,CP01
DMCC230329,CP01
DMCC230330,CP01
DMCC230331,CP01
DMCC230332,CP01
DMCC230333,CP01
DMCC230334,CP01
DMCC230335,CP01
DMCC230336,CP01
DMCC230337,CP01
DMCC230338,CP01
DMCC230339,CP01
DMCC230340,CP01
DMCC230341,CP01
DMCC230342,CP01
DMCC230343,CP01
DMCC230344,CP01
DMCC230345,CP01
DMCC230346,CP01
DMCC230347,CP01
DMCC230348,CP01
DMCC230349,CP01
DMCC230350,CP01
DMCC230351,CP01
DMCC230352,CP01
DMCC230353,CP01
DMCC230354,CP01
DMCC230355,CP01
DMCC230356,CP01
DMCC230357,CP01
DMCC230358,CP01
DMCC230359,CP01
DMCC230360,CP01
DMCC230361,CP01
DMCC230362,CP01
DMCC230363,CP01
DMCC230364,CP01
DMCC230365,CP01
DMCC230366,CP01
DMCC230367,CP01
DMCC230368,CP01
DMCC230369,CP01
DMCC230370,CP01
DMCC230371,CP01
DMCC230372,CP01
DMCC230373,CP01
DMCC230374,CP01
DMCC230375,CP01
DMCC230376,CP01
DMCC230377,CP01
DMCC230378,CP01
DMCC230379,CP01
DMCC230380,CP01
DMCC230381,CP01
DMCC230382,CP01
DMCC230383,CP01
DMCC230384,CP01
DMCC230385,CP01
DMCC230386,CP01
DMCC230387,CP01
DMCC230388,CP01
DMCC230389,CP01
DMCC230390,CP01
DMCC230391,CP01
DMCC230392,CP01
DMCC230393,CP01
DMCC230394,CP01
DMCC230395,CP01
DMCC230396,CP01
DMCC230397,CP01
DMCC230398,CP01
DMCC230399,CP01
DMCC230400,CP01
DMCC230401,CP01
DMCC230402,CP01
DMCC230403,CP01
DMCC230404,CP01
DMCC230405,CP01
DMCC230406,CP01
DMCC230407,CP01
DMCC230408,CP01
DMCC230409,CP01
DMCC230410,CP01
DMCC230411,CP01
DMCC230412,CP01
DMCC230413,CP01
DMCC230414,CP01
DMCC230415,CP01
DMCC230416,CP01
DMCC230417,CP01
DMCC230418,CP01
DMCC230419,CP01
DMCC230420,CP01
DMCC230421,CP01
DMCC230422,CP01
DMCC230423,CP01
DMCC230424,CP01
DMCC230425,CP01
DMCC230426,CP01
DMCC230427,CP01
DMCC230428,CP01
DMCC230429,CP01
DMCC230430,CP01
DMCC230431,CP01
DMCC230432,CP01
DMCC230433,CP01
DMCC230434,CP01
DMCC230435,CP01
DMCC230436,CP01
DMCC230437,CP01
DMCC230438,CP01
DMCC230439,CP01
DMCC230440,CP01
DMCC230441,CP01
DMCC230442,CP01
DMCC230443,CP01
DMCC230444,CP01
DMCC230445,CP01
DMCC230446,CP01
DMCC230447,CP01
DMCC230448,CP01
DMCC230449,CP01
DMCC230450,CP01
DMCC230451,CP01
DMCC230452,CP01
DMCC230453,CP01
DMCC230454,CP01
DMCC230455,CP01
DMCC230456,CP01
DMCC230457,CP01
DMCC230458,CP01
DMCC230459,CP01
DMCC230460,CP01
DMCC230461,CP01
DMCC230462,CP01
DMCC230463,CP01
DMCC230464,CP01
DMCC230465,CP01
DMCC230466,CP01
DMCC230467,CP01
DMCC230468,CP01
DMCC230469,CP01
DMCC230470,CP01
DMCC230471,CP01
DMCC230472,CP01
DMCC230473,CP01
DMCC230474,CP01
DMCC230475,CP01
DMCC230476,CP01
DMCC230477,CP01
DMCC230478,CP01
DMCC230479,CP01
DMCC230480,CP01
DMCC230481,CP01
DMCC230482,CP01
DMCC230483,CP01
DMCC230484,CP01
DMCC230485,CP01
DMCC230486,CP01
DMCC230487,CP01
DMCC230488,CP01
DMCC230489,CP01
DMCC230490,CP01
DMCC230491,CP01
DMCC230492,CP01
DMCC230493,CP01
DMCC230494,CP01
DMCC230495,CP01
DMCC230496,CP01
DMCC230497,CP01
DMCC230498,CP01
DMCC230499,CP01
DMCC230500,CP01
DMCC230501,CP01
DMCC230502,CP01
DMCC230503,CP01
DMCC230504,CP01
DMCC230505,CP01
DMCC230506,CP01
DMCC230507,CP01
DMCC230508,CP01
DMCC230509,CP01
DMCC230510,CP01
DMCC230511,CP01
DMCC230512,CP01
DMCC230513,CP01
DMCC230514,CP01
DMCC230515,CP01
DMCC230516,CP01
DMCC230517,CP01
DMCC230518,CP01
DMCC230519,CP01
DMCC230520,CP01
DMCC230521,CP01
DMCC230522,CP01
DMCC230523,CP01
DMCC230524,CP01
DMCC230525,CP01
DMCC230526,CP01
DMCC230527,CP01
DMCC230528,CP01
DMCC230529,CP01
DMCC230530,CP01
DMCC230531,CP01
DMCC230532,CP01
DMCC230533,CP01
DMCC230534,CP01
DMCC230535,CP01
DMCC230536,CP01
DMCC230537,CP01
DMCC230538,CP01
DMCC230539,CP01
DMCC230540,CP01
DMCC230541,CP01
DMCC230542,CP01
DMCC230543,CP01
DMCC230544,CP01
DMCC230545,CP01
DMCC230546,CP01
DMCC230547,CP01
DMCC230548,CP01
DMCC230549,CP01
DMCC230550,CP01
DMCC230551,CP01
DMCC230552,CP01
DMCC230553,CP01
DMCC230554,CP01
DMCC230555,CP01
DMCC230556,CP01
DMCC230557,CP01
DMCC230558,CP01
DMCC230559,CP01
DMCC230560,CP01
DMCC230561,CP01
DMCC230562,CP01
DMCC230563,CP01
DMCC230564,CP01
DMCC230565,CP01
DMCC230566,CP01
DMCC230567,CP01
DMCC230568,CP01
DMCC230569,CP01
DMCC230570,CP01
DMCC230571,CP01
DMCC230572,CP01
DMCC230573,CP01
DMCC230574,CP01
DMCC230575,CP01
DMCMC22001,CP01
DMCMC22002,CP01
DMCMC22003,CP01
DMCMC22004,CP01
DMCMC22005,CP01
DMCMC22006,CP01
DMCMC22007,CP01
DMCMC22008,CP01
DMCMC22009,CP01
DMCMC220010,CP01
DMCMC220011,CP01
DMCMC220012,CP01
DMCMC220013,CP01
DMCMC220014,CP01
DMCMC220015,CP01
DMCMC220016,CP01
DMCMC220017,CP01
DMCMC220018,CP01
DMCMC220019,CP01
DMCMC220020,CP01
DMCMC220021,CP01
DMCMC220022,CP01
DMCMC220023,CP01
DMCMC220024,CP01
DMCMC220025,CP01
DMCMC220026,CP01
DMCMC220027,CP01
DMCMC220028,CP01
DMCMC220029,CP01
DMCMC220030,CP01
DMCMC220031,CP01
DMCMC220032,CP01
DMCMC220033,CP01
DMCMC220034,CP01
DMCMC220035,CP01
DMCMC220036,CP01
DMCMC220037,CP01
DMCMC220038,CP01
DMCMC220039,CP01
DMCMC220040,CP01
DMCMC220041,CP01
DMCMC220042,CP01
DMCMC220043,CP01
DMCMC220044,CP01
DMCMC220045,CP01
DMCMC220046,CP01
DMCMC220047,CP01
DMCMC220048,CP01
DMCMC220049,CP01
DMCMC220050,CP01
DMCMC220051,CP01
DMCMC220052,CP01
DMCMC220053,CP01
DMCMC220054,CP01
DMCMC220055,CP01
DMCMC220056,CP01
DMCMC220057,CP01
DMCMC220058,CP01
DMCMC220059,CP01
DMCMC220060,CP01
DMCMC220061,CP01
DMCMC220062,CP01
DMCMC220063,CP01
DMCMC220064,CP01
DMCMC220065,CP01
DMCMC220066,CP01
DMCMC220067,CP01
DMCMC220068,CP01
DMCMC220069,CP01
DMCMC220070,CP01
DMCMC220071,CP01
DMCMC220072,CP01
DMCMC220073,CP01
DMCMC220074,CP01
DMCMC220075,CP01
DMCMC220076,CP01
DMCMC220077,CP01
DMCMC220078,CP01
DMCMC220079,CP01
DMCMC220080,CP01
DMCMC220081,CP01
DMCMC220082,CP01
DMCMC220083,CP01
DMCMC220084,CP01
DMCMC220085,CP01
DMCMC220086,CP01
DMCMC220087,CP01
DMCMC220088,CP01
DMCMC220089,CP01
DMCMC220090,CP01
DMCMC220091,CP01
DMCMC220092,CP01
DMCMC220093,CP01
DMCMC220094,CP01
DMCMC220095,CP01
DMCMC220096,CP01
DMCMC220097,CP01
DMCMC220098,CP01
DMCMC220099,CP01
DMCMC2200100,CP01
DMCMC2200101,CP01
DMCMC2200102,CP01
DMCMC2200103,CP01
DMCMC2200104,CP01
DMCMC2200105,CP01
DMCMC2200106,CP01
DMCMC2200107,CP01
DMCMC2200108,CP01
DMCMC2200109,CP01
DMCMC2200110,CP01
DMCMC2200111,CP01
DMCMC2200112,CP01
DMCMC2200113,CP01
DMCMC2200114,CP01
DMCMC2200115,CP01
DMCMC2200116,CP01
DMCMC2200117,CP01
DMCMC2200118,CP01
DMCMC2200119,CP01
DMCMC2200120,CP01
DMCMC2200121,CP01
DMCMC2200122,CP01
DMCMC2200123,CP01
DMCMC2200124,CP01
DMCMC2200125,CP01
DMCMC2200126,CP01
DMCMC2200127,CP01
DMCMC2200128,CP01
DMCMC2200129,CP01
DMCMC2200130,CP01
DMCMC2200131,CP01
DMCMC2200132,CP01
DMCMC2200133,CP01
DMCMC2200134,CP01
DMCMC2200135,CP01
DMCMC2200136,CP01
DMCMC2200137,CP01
DMCMC2200138,CP01
DMCMC2200139,CP01
DMCMC2200140,CP01
DMCMC2200141,CP01
DMCMC2200142,CP01
DMCMC2200143,CP01
DMCMC2200144,CP01
DMCMC2200145,CP01
DMCMC2200146,CP01
DMCMC2200147,CP01
DMCMC2200148,CP01
DMCMC2200149,CP01
DMCMC2200150,CP01
DMCMC2200151,CP01
DMCMC2200152,CP01
DMCMC2200153,CP01
DMCMC2200154,CP01
DMCMC2200155,CP01
DMCMC2200156,CP01
DMCMC2200157,CP01
DMCMC2200158,CP01
DMCMC2200159,CP01
DMCMC2200160,CP01
DMCMC2200161,CP01
DMCMC2200162,CP01
DMCMC2200163,CP01
DMCMC2200164,CP01
DMCMC2200165,CP01
DMCMC2200166,CP01
DMCMC2200167,CP01
DMCMC2200168,CP01
DMCMC2200169,CP01
DMCMC2200170,CP01
DMCMC2200171,CP01
DMCMC2200172,CP01
DMCMC2200173,CP01
DMCMC2200174,CP01
DMCMC2200175,CP01
DMCMC2200176,CP01
DMCMC2200177,CP01
DMCMC2200178,CP01
DMCMC2200179,CP01
DMCMC2200180,CP01
DMCMC2200181,CP01
DMCMC2200182,CP01
DMCMC2200183,CP01
DMCMC2200184,CP01
DMCMC2200185,CP01
DMCMC2200186,CP01
DMCMC2200187,CP01
DMCMC2200188,CP01
DMCMC2200189,CP01
DMCMC2200190,CP01
DMCMC2200191,CP01
DMCMC2200192,CP01
DMCMC2200193,CP01
DMCMC2200194,CP01
DMCMC2200195,CP01
DMCMC2200196,CP01
DMCMC2200197,CP01
DMCMC2200198,CP01
DMCMC2200199,CP01
DMCMC2200200,CP01
DMCMC2200201,CP01
DMCMC2200202,CP01
DMCMC2200203,CP01
DMCMC2200204,CP01
DMCMC2200205,CP01
DMCMC2200206,CP01
DMCMC2200207,CP01
DMCMC2200208,CP01
DMCMC2200209,CP01
DMCMC2200210,CP01
DMCMC2200211,CP01
DMCMC2200212,CP01
DMCMC2200213,CP01
DMCMC2200214,CP01
DMCMC2200215,CP01
DMCMC2200216,CP01
DMCMC2200217,CP01
DMCMC2200218,CP01
DMCMC2200219,CP01
DMCMC2200220,CP01
DMCMC2200221,CP01
DMCMC2200222,CP01
DMCMC2200223,CP01
DMCMC2200224,CP01
DMCMC2200225,CP01
DMCMC2200226,CP01
DMCMC2200227,CP01
DMCMC2200228,CP01
DMCMC2200229,CP01
DMCMC2200230,CP01
DMCMC2200231,CP01
DMCMC2200232,CP01
DMCMC2200233,CP01
DMCMC2200234,CP01
DMCMC2200235,CP01
DMCMC2200236,CP01
DMCMC2200237,CP01
DMCMC2200238,CP01
DMCMC2200239,CP01
DMCMC2200240,CP01
DMCMC2200241,CP01
DMCMC2200242,CP01
DMCMC2200243,CP01
DMCMC2200244,CP01
DMCMC2200245,CP01
DMCMC2200246,CP01
DMCMC2200247,CP01
DMCMC2200248,CP01
DMCMC2200249,CP01
DMCMC2200250,CP01
DMCMC2200251,CP01
DMCMC2200252,CP01
DMCMC2200253,CP01
DMCMC2200254,CP01
DMCMC2200255,CP01
DMCMC2200256,CP01
DMCMC2200257,CP01
DMCMC2200258,CP01
DMCMC2200259,CP01
DMCMC2200260,CP01
DMCMC2200261,CP01
DMCMC2200262,CP01
DMCMC2200263,CP01
DMCMC2200264,CP01
DMCMC2200265,CP01
DMCMC2200266,CP01
DMCMC2200267,CP01
DMCMC2200268,CP01
DMCMC2200269,CP01
DMCMC2200270,CP01
DMCMC2200271,CP01
DMCMC2200272,CP01
DMCMC2200273,CP01
DMCMC2200274,CP01
DMCMC2200275,CP01
DMCMC2200276,CP01
DMCMC2200277,CP01
DMCMC2200278,CP01
DMCMC2200279,CP01
DMCMC2200280,CP01
DMCMC2200281,CP01
DMCMC2200282,CP01
DMCMC2200283,CP01
DMCMC2200284,CP01
DMCABJ22001,CP01
DMCABJ22002,CP01
DMCABJ22003,CP01
DMCABJ22004,CP01
DMCABJ22005,CP01
DMCABJ22006,CP01
DMCABJ22007,CP01
DMCABJ22008,CP01
DMCABJ22009,CP01
DMCABJ220010,CP01
DMCABJ220011,CP01
DMCABJ220012,CP01
DMCABJ220013,CP01
DMCABJ220014,CP01
DMCABJ220015,CP01
DMCABJ220016,CP01
DMCABJ220017,CP01
DMCABJ220018,CP01
DMCABJ220019,CP01
DMCABJ220020,CP01
DMCABJ220021,CP01
DMCABJ220022,CP01
DMCABJ220023,CP01
DMCABJ220024,CP01
DMCABJ220025,CP01
DMCABJ220026,CP01
DMCABJ220027,CP01
DMCABJ220028,CP01
DMCABJ220029,CP01
DMCABJ220030,CP01
DMCABJ220031,CP01
DMCABJ220032,CP01
DMCABJ220033,CP01
DMCABJ220034,CP01
DMCABJ220035,CP01
DMCABJ220036,CP01
DMCABJ220037,CP01
DMCABJ220038,CP01
DMCABJ220039,CP01
DMCABJ220040,CP01
DMCABJ220041,CP01
DMCABJ220042,CP01
DMCABJ220043,CP01
DMCABJ220044,CP01
DMCABJ220045,CP01
DMCABJ220046,CP01
DMCABJ220047,CP01
DMCABJ220048,CP01
DMCABJ220049,CP01
DMCABJ220050,CP01
DMCABJ220051,CP01
DMCABJ220052,CP01
DMCABJ220053,CP01
DMCABJ220054,CP01
DMCABJ220055,CP01
DMCABJ220056,CP01
DMCABJ220057,CP01
DMCABJ220058,CP01
DMCABJ220059,CP01
DMCABJ220060,CP01
DMCABJ220061,CP01
DMCABJ220062,CP01
DMCABJ220063,CP01
DMCABJ220064,CP01
DMCABJ220065,CP01
DMCABJ220066,CP01
DMCABJ220067,CP01
DMCABJ220068,CP01
DMCABJ220069,CP01
DMCABJ220070,CP01
DMCABJ220071,CP01
DMCABJ220072,CP01
DMCABJ220073,CP01
DMCABJ220074,CP01
DMCABJ220075,CP01
DMCABJ220076,CP01
DMCABJ220077,CP01
DMCABJ220078,CP01
DMCABJ220079,CP01
DMCABJ220080,CP01
DMCABJ220081,CP01
DMCABJ220082,CP01
DMCABJ220083,CP01
DMCABJ220084,CP01
DMCABJ220085,CP01
DMCABJ220086,CP01
DMCABJ220087,CP01
DMCABJ220088,CP01
DMCABJ220089,CP01
DMCABJ220090,CP01
DMCABJ220091,CP01
DMCABJ220092,CP01
DMCABJ220093,CP01
DMCABJ220094,CP01
DMCABJ220095,CP01
DMCABJ220096,CP01
DMCABJ220097,CP01
DMCABJ220098,CP01
DMCABJ220099,CP01
DMCABJ2200100,CP01
DMCABJ2200101,CP01
DMCABJ2200102,CP01
DMCABJ2200103,CP01
DMCABJ2200104,CP01
DMCABJ2200105,CP01
DMCABJ2200106,CP01
DMCABJ2200107,CP01
DMCABJ2200108,CP01
DMCABJ2200109,CP01
DMCABJ2200110,CP01
DMCABJ2200111,CP01
DMCABJ2200112,CP01
DMCABJ2200113,CP01
DMCABJ2200114,CP01
DMCABJ2200115,CP01
DMCABJ2200116,CP01
DMCABJ2200117,CP01
DMCABJ2200118,CP01
DMCABJ2200119,CP01
DMCABJ2200120,CP01
DMCABJ2200121,CP01
DMCABJ2200122,CP01
DMCABJ2200123,CP01
DMCABJ2200124,CP01
DMCABJ2200125,CP01
DMCABJ2200126,CP01
DMCABJ2200127,CP01
DMCABJ2200128,CP01
DMCABJ2200129,CP01
DMCABJ2200130,CP01
DMCABJ2200131,CP01
DMCABJ2200132,CP01
DMCABJ2200133,CP01
DMCABJ2200134,CP01
DMCABJ2200135,CP01
DMCABJ2200136,CP01
DMCABJ2200137,CP01
DMCABJ2200138,CP01
DMCABJ2200139,CP01
DMCABJ2200140,CP01
DMCABJ2200141,CP01
DMCABJ2200142,CP01
DMCABJ2200143,CP01
DMCABJ2200144,CP01
DMCABJ2200145,CP01
DMCABJ2200146,CP01
DMCABJ2200147,CP01
DMCABJ2200148,CP01
DMCABJ2200149,CP01
DMCABJ2200150,CP01
DMCABJ2200151,CP01
DMCABJ2200152,CP01
DMCABJ2200153,CP01
DMCABJ2200154,CP01
DMCABJ2200155,CP01
DMCABJ2200156,CP01
DMCABJ2200157,CP01
DMCABJ2200158,CP01
DMCABJ2200159,CP01
DMCABJ2200160,CP01
DMCABJ2200161,CP01
DMCABJ2200162,CP01
DMCABJ2200163,CP01
DMCABJ2200164,CP01
DMCABJ2200165,CP01
DMCABJ2200166,CP01
DMCABJ2200167,CP01
DMCABJ2200168,CP01
DMCABJ2200169,CP01
DMCABJ2200170,CP01
DMCABJ2200171,CP01
DMCABJ2200172,CP01
DMCABJ2200173,CP01
DMCABJ2200174,CP01
DMCABJ2200175,CP01
DMCABJ2200176,CP01
DMCABJ2200177,CP01
DMCABJ2200178,CP01
DMCABJ2200179,CP01
DMCABJ2200180,CP01
DMCABJ2200181,CP01
DMCABJ2200182,CP01
DMCABJ2200183,CP01
DMCABJ2200184,CP01
DMCABJ2200185,CP01
DMCABJ2200186,CP01
DMCABJ2200187,CP01
DMCABJ2200188,CP01
DMCABJ2200189,CP01
DMCABJ2200190,CP01
DMCABJ2200191,CP01
DMCABJ2200192,CP01
DMCABJ2200193,CP01
DMCABJ2200194,CP01
DMCABJ2200195,CP01
DMCABJ2200196,CP01
DMCABJ2200197,CP01
DMCABJ2200198,CP01
DMCABJ2200199,CP01
DMCABJ2200200,CP01
DMCABJ2200201,CP01
DMCABJ2200202,CP01
DMCABJ2200203,CP01
DMCABJ2200204,CP01
DMCABJ2200205,CP01
DMCABJ2200206,CP01
DMCABJ2200207,CP01
DMCABJ2200208,CP01
DMCABJ2200209,CP01
DMCABJ2200210,CP01
DMCABJ2200211,CP01
DMCABJ2200212,CP01
DMCABJ2200213,CP01
DMCABJ2200214,CP01
DMCABJ2200215,CP01
DMCABJ2200216,CP01
DMCABJ2200217,CP01
DMCABJ2200218,CP01
DMCABJ2200219,CP01
DMCABJ2200220,CP01
DMCABJ2200221,CP01
DMCABJ2200222,CP01
DMCABJ2200223,CP01
DMCABJ2200224,CP01
DMCABJ2200225,CP01
DMCABJ2200226,CP01
DMCABJ2200227,CP01
DMCABJ2200228,CP01
DMCABJ2200229,CP01
DMCABJ2200230,CP01
DMCABJ2200231,CP01
DMCABJ2200232,CP01
DMCABJ2200233,CP01
DMCABJ2200234,CP01
DMCABJ2200235,CP01
DMCABJ2200236,CP01
DMCABJ2200237,CP01
DMCABJ2200238,CP01
DMCABJ2200239,CP01
DMCABJ2200240,CP01
DMCABJ2200241,CP01
DMCABJ2200242,CP01
DMCABJ2200243,CP01
DMCABJ2200244,CP01
DMCABJ2200245,CP01
DMCABJ2200246,CP01
DMCABJ2200247,CP01
DMCABJ2200248,CP01
DMCABJ2200249,CP01
DMCABJ2200250,CP01
DMCABJ2200251,CP01
DMCABJ2200252,CP01
DMCABJ2200253,CP01
DMCABJ2200254,CP01
DMCABJ2200255,CP01
DMCABJ2200256,CP01
DMCABJ2200257,CP01
DMCABJ2200258,CP01
DMCABJ2200259,CP01
DMCABJ2200260,CP01
DMCABJ2200261,CP01
DMCABJ2200262,CP01
DMCABJ2200263,CP01
DMCABJ2200264,CP01
DMCABJ2200265,CP01
DMCABJ2200266,CP01
DMCABJ2200267,CP01
DMCABJ2200268,CP01
DMCABJ2200269,CP01
DMCABJ2200270,CP01
DMCABJ2200271,CP01
DMCABJ2200272,CP01
DMCABJ2200273,CP01
DMCABJ2200274,CP01
DMCABJ2200275,CP01
DMCABJ2200276,CP01
DMCABJ2200277,CP01
DMCABJ2200278,CP01
DMCABJ2200279,CP01
DMCABJ2200280,CP01
DMCABJ2200281,CP01
DMCABJ2200282,CP01
DMCABJ2200283,CP01
DMCABJ2200284,CP01
DMCABJ2200285,CP01
DMCABJ2200286,CP01
DMCABJ2200287,CP01
DMCABJ2200288,CP01
DMCABJ2200289,CP01
DMCABJ2200290,CP01
DMCABJ2200291,CP01
DMCABJ2200292,CP01
DMCABJ2200293,CP01
DMCABJ2200294,CP01
DMCABJ2200295,CP01
DMCABJ2200296,CP01
DMCABJ2200297,CP01
DMCABJ2200298,CP01
DMCABJ2200299,CP01
DMCABJ2200300,CP01
DMCABJ2200301,CP01
DMCABJ2200302,CP01
DMCABJ2200303,CP01
DMCABJ2200304,CP01
DMCABJ2200305,CP01
DMCABJ2200306,CP01
DMCABJ2200307,CP01
DMCABJ2200308,CP01
DMCABJ2200309,CP01
DMCABJ2200310,CP01
DMCABJ2200311,CP01
DMCABJ2200312,CP01
DMCABJ2200313,CP01
DMCABJ2200314,CP01
DMCABJ2200315,CP01
DMCABJ2200316,CP01
DMCABJ2200317,CP01
DMCABJ2200318,CP01
DMCABJ2200319,CP01
DMCABJ2200320,CP01
DMCABJ2200321,CP01
DMCABJ2200322,CP01
DMCABJ2200323,CP01
DMCABJ2200324,CP01
DMCABJ2200325,CP01
DMCABJ2200326,CP01
DMCABJ2200327,CP01
DMCABJ2200328,CP01
DMCABJ2200329,CP01
DMCABJ2200330,CP01
DMCABJ2200331,CP01
DMCABJ2200332,CP01
DMCABJ2200333,CP01
DMCABJ2200334,CP01
DMCABJ2200335,CP01
DMCABJ2200336,CP01
DMCABJ2200337,CP01
DMCABJ2200338,CP01
DMCABJ2200339,CP01
DMCABJ2200340,CP01
DMCABJ2200341,CP01
DMCABJ2200342,CP01
DMCABJ2200343,CP01
DMCABJ2200344,CP01
DMCABJ2200345,CP01
DMCABJ2200346,CP01
DMCABJ2200347,CP01
DMCABJ2200348,CP01
DMCABJ2200349,CP01
DMCABJ2200350,CP01
DMCABJ2200351,CP01
DMCABJ2200352,CP01
DMCABJ2200353,CP01
DMCABJ2200354,CP01
DMCABJ2200355,CP01
DMCABJ2200356,CP01
DMCABJ2200357,CP01
DMCABJ2200358,CP01
DMCABJ2200359,CP01
DMCABJ2200360,CP01
DMCABJ2200361,CP01
DMCABJ2200362,CP01
DMCABJ2200363,CP01
DMCABJ2200364,CP01
DMCABJ2200365,CP01
DMCABJ2200366,CP01
DMCABJ2200367,CP01
DMCABJ2200368,CP01
DMCABJ2200369,CP01
DMCABJ2200370,CP01
DMCABJ2200371,CP01
DMCABJ2200372,CP01
DMCABJ2200373,CP01
DMCABJ2200374,CP01
DMCABJ2200375,CP01
DMCABJ2200376,CP01
DMCABJ2200377,CP01
DMCABJ2200378,CP01
DMCABJ2200379,CP01
DMCABJ2200380,CP01
DMCABJ2200381,CP01
DMCABJ2200382,CP01
DMCABJ2200383,CP01
DMCABJ2200384,CP01
DMCABJ2200385,CP01
DMCABJ2200386,CP01
DMCABJ2200387,CP01
DMCABJ2200388,CP01
DMCABJ2200389,CP01
DMCABJ2200390,CP01
DMCABJ2200391,CP01
DMCABJ2200392,CP01
DMCABJ2200393,CP01
DMCABJ2200394,CP01
DMCABJ2200395,CP01
DMCABJ2200396,CP01
DMCABJ2200397,CP01
DMCABJ2200398,CP01
DMCABJ2200399,CP01
DMCABJ2200400,CP01
DMCABJ2200401,CP01
DMCABJ2200402,CP01
DMCABJ2200403,CP01
DMCABJ2200404,CP01
DMCABJ2200405,CP01
DMCABJ2200406,CP01
DMCABJ2200407,CP01
DMCABJ2200408,CP01
DMCABJ2200409,CP01
DMCABJ2200410,CP01
DMCABJ2200411,CP01
DMCABJ2200412,CP01
DMCABJ2200413,CP01
DMCABJ2200414,CP01
DMCABJ2200415,CP01
DMCABJ2200416,CP01
DMCABJ2200417,CP01
DMCABJ2200418,CP01
DMCABJ2200419,CP01
DMCABJ2200420,CP01
DMCABJ2200421,CP01
DMCABJ2200422,CP01
DMCABJ2200423,CP01
DMCABJ2200424,CP01
DMCABJ2200425,CP01
DMCABJ2200426,CP01
DMCABJ2200427,CP01
DMCABJ2200428,CP01
DMCABJ2200429,CP01
DMCABJ2200430,CP01
DMCABJ2200431,CP01
DMCABJ2200432,CP01
DMCABJ2200433,CP01
DMCABJ2200434,CP01
DMCABJ2200435,CP01
DMCABJ2200436,CP01
DMCABJ2200437,CP01
DMCABJ2200438,CP01
DMCABJ2200439,CP01
DMCABJ2200440,CP01
DMCABJ2200441,CP01
DMCABJ2200442,CP01
DMCABJ2200443,CP01
DMCABJ2200444,CP01
DMCABJ2200445,CP01
DMCABJ2200446,CP01
DMCABJ2200447,CP01
DMCABJ2200448,CP01
DMCABJ2200449,CP01
DMCABJ2200450,CP01
DMCABJ2200451,CP01
DMCABJ2200452,CP01
DMCABJ2200453,CP01
DMCABJ2200454,CP01
DMCABJ2200455,CP01
DMCABJ2200456,CP01
DMCABJ2200457,CP01
DMCABJ2200458,CP01
DMCABJ2200459,CP01
DMCABJ2200460,CP01
DMCABJ2200461,CP01
DMCABJ2200462,CP01
DMCABJ2200463,CP01
DMCABJ2200464,CP01
DMCABJ2200465,CP01
DMCABJ2200466,CP01
DMCABJ2200467,CP01
DMCABJ2200468,CP01
DMCABJ2200469,CP01
DMCABJ2200470,CP01
DMCABJ2200471,CP01
DMCABJ2200472,CP01
DMCABJ2200473,CP01
DMCABJ2200474,CP01
DMCABJ2200475,CP01
DMCABJ2200476,CP01
DMCABJ2200477,CP01
DMCABJ2200478,CP01
DMCABJ2200479,CP01
DMCABJ2200480,CP01
DMCABJ2200481,CP01
DMCABJ2200482,CP01
DMCABJ2200483,CP01
DMCABJ2200484,CP01
DMCABJ2200485,CP01
DMCABJ2200486,CP01
DMCABJ2200487,CP01
DMCABJ2200488,CP01
DMCABJ2200489,CP01
DMCABJ2200490,CP01
DMCABJ2200491,CP01
DMCABJ2200492,CP01
DMCABJ2200493,CP01
DMCABJ2200494,CP01
DMCABJ2200495,CP01
DMCABJ2200496,CP01
DMCABJ2200497,CP01
DMCABJ2200498,CP01
DMCABJ2200499,CP01
DMCABJ2200500,CP01
DMCABJ2200501,CP01
DMCABJ2200502,CP01
DMCABJ2200503,CP01
DMCABJ2200504,CP01
DMCABJ2200505,CP01
DMCABJ2200506,CP01
DMCABJ2200507,CP01
DMCABJ2200508,CP01
DMCABJMW22001,CP01
DMCABJMW22002,CP01
DMCABJMW22003,CP01
DMCABJMW22004,CP01
DMCABJMW22005,CP01
DMCABJMW22006,CP01
DMCABJMW22007,CP01
DMCABJMW22008,CP01
DMCABJMW22009,CP01
DMCABJMW220010,CP01
DMCABJMW220011,CP01
DMCABJMW220012,CP01
DMCABJMW220013,CP01
DMCABJMW220014,CP01
DMCABJMW220015,CP01
DMCABJMW220016,CP01
DMCABJMW220017,CP01
DMCABJMW220018,CP01
DMCABJMW220019,CP01
DMCABJMW220020,CP01
DMCABJMW220021,CP01
DMCABJMW220022,CP01
DMCABJMW220023,CP01
DMCABJMW220024,CP01
DMCABJMW220025,CP01
DMCABJMW220026,CP01
DMCABJMW220027,CP01
DMCABJMW220028,CP01
DMCABJMW220029,CP01
DMCABJMW220030,CP01
DMCABJMW220031,CP01
DMCABJMW220032,CP01
DMCABJMW220033,CP01
DMCABJMW220034,CP01
DMCABJMW220035,CP01
DMCABJMW220036,CP01
DMCABJMW220037,CP01
DMCABJMW220038,CP01
DMCABJMW220039,CP01
DMCABJMW220040,CP01
DMCABJMW220041,CP01
DMCABJMW220042,CP01
DMCABJMW220043,CP01
DMCABJMW220044,CP01
DMCABJMW220045,CP01
DMCABJMW220046,CP01
DMCABJMW220047,CP01
DMCABJMW220048,CP01
DMCABJMW220049,CP01
DMCABJMW220050,CP01
DMCABJMW220051,CP01
DMCABJMW220052,CP01
DMCABJMW220053,CP01
DMCABJMW220054,CP01
DMCABJMW220055,CP01
DMCABJMW220056,CP01
DMCABJMW220057,CP01
DMCABJMW220058,CP01
DMCABJMW220059,CP01
DMCABJMW220060,CP01
DMCABJMW220061,CP01
DMCABJMW220062,CP01
DMCABJMW220063,CP01
DMCABJMW220064,CP01
DMCABJMW220065,CP01
DMCABJMW220066,CP01
DMCABJMW220067,CP01
DMCABJMW220068,CP01
DMCABJMW220069,CP01
DMCABJMW220070,CP01
DMCABJMW220071,CP01
DMCABJMW220072,CP01
DMCABJMW220073,CP01
DMCABJMW220074,CP01
DMCABJMW220075,CP01
DMCABJMW220076,CP01
DMCABJMW220077,CP01
DMCABJMW220078,CP01
DMCABJMW220079,CP01
DMCABJMW220080,CP01
DMCABJMW220081,CP01
DMCABJMW220082,CP01
DMCABJMW220083,CP01
DMCABJMW220084,CP01
DMCABJMW220085,CP01
DMCABJMW220086,CP01
DMCABJMW220087,CP01
DMCABJMW220088,CP01
DMCABJMW220089,CP01
DMCABJMW220090,CP01
DMCABJMW220091,CP01
DMCABJMW220092,CP01
DMCABJMW220093,CP01
DMCABJMW220094,CP01
DMCABJMW220095,CP01
DMCABJMW220096,CP01
DMCABJMW220097,CP01
DMCABJMW220098,CP01
DMCABJMW220099,CP01
DMCABJMW2200100,CP01
DMCABJMW2200101,CP01
DMCABJMW2200102,CP01
DMCABJMW2200103,CP01
DMCABJMW2200104,CP01
DMCABJMW2200105,CP01
DMCABJMW2200106,CP01
DMCABJMW2200107,CP01
DMCABJMW2200108,CP01
DMCABJMW2200109,CP01
DMCABJMW2200110,CP01
DMCABJMW2200111,CP01
DMCABJMW2200112,CP01
DMCABJMW2200113,CP01
DMCABJMW2200114,CP01
DMCABJMW2200115,CP01
DMCABJMW2200116,CP01
DMCABJMW2200117,CP01
DMCABJMW2200118,CP01
DMCABJMW2200119,CP01
DMCABJMW2200120,CP01
DMCABJMW2200121,CP01
DMCABJMW2200122,CP01
DMCABJMW2200123,CP01
DMCABJMW2200124,CP01
DMCABJMW2200125,CP01
DMCABJMW2200126,CP01
DMCABJMW2200127,CP01
DMCABJMW2200128,CP01
DMCABJMW2200129,CP01
DMCABJMW2200130,CP01
DMCABJMW2200131,CP01
DMCABJMW2200132,CP01
DMCABJMW2200133,CP01
DMCABJMW2200134,CP01
DMCABJMW2200135,CP01
DMCABJMW2200136,CP01
DMCABJMW2200137,CP01
DMCABJMW2200138,CP01
DMCABJMW2200139,CP01
DMCABJMW2200140,CP01
DMCABJMW2200141,CP01
DMCABJMW2200142,CP01
DMCABJMW2200143,CP01
DMCABJMW2200144,CP01
DMCABJMW2200145,CP01
DMCABJMW2200146,CP01
DMCABJMW2200147,CP01
DMCABJMW2200148,CP01
DMCABJMW2200149,CP01
DMCABJMW2200150,CP01
DMCABJMW2200151,CP01
DMCABJMW2200152,CP01
DMCABJMW2200153,CP01
DMCABJMW2200154,CP01
DMCABJMW2200155,CP01
DMCABJMW2200156,CP01
DMCABJMW2200157,CP01
DMCABJMW2200158,CP01
DMCABJMW2200159,CP01
DMCABJMW2200160,CP01
DMCABJMW2200161,CP01
DMCABJMW2200162,CP01
DMCABJMW2200163,CP01
DMCABJMW2200164,CP01
DMCABJMW2200165,CP01
DMCABJMW2200166,CP01
DMCABJMW2200167,CP01
DMCABJMW2200168,CP01
DMCABJMW2200169,CP01
DMCABJMW2200170,CP01
DMCABJMW2200171,CP01
DMCABJMW2200172,CP01
DMCABJMW2200173,CP01
DMCABJMW2200174,CP01
DMCABJMW2200175,CP01
DMCABJMW2200176,CP01
DMCABJMW2200177,CP01
DMCABJMW2200178,CP01
DMCABJMW2200179,CP01
DMCABJMW2200180,CP01
DMCABJMW2200181,CP01
DMCABJMW2200182,CP01
DMCABJMW2200183,CP01
DMCABJMW2200184,CP01
DMCABJMW2200185,CP01
DMCABJMW2200186,CP01
DMCABJMW2200187,CP01
DMCABJMW2200188,CP01
DMCABJMW2200189,CP01
DMCABJMW2200190,CP01
DMCABJMW2200191,CP01
DMCABJMW2200192,CP01
DMCABJMW2200193,CP01
DMCABJMW2200194,CP01
DMCABJMW2200195,CP01
DMCABJMW2200196,CP01
DMCABJMW2200197,CP01
DMCABJMW2200198,CP01
DMCABJMW2200199,CP01
DMCABJMW2200200,CP01
DMCABJMW2200201,CP01
DMCABJMW2200202,CP01
DMCABJMW2200203,CP01
DMCABJMW2200204,CP01
DMCABJMW2200205,CP01
DMCABJMW2200206,CP01
DMCABJMW2200207,CP01
DMCABJMW2200208,CP01
DMCABJMW2200209,CP01
DMCABJMW2200210,CP01
DMCABJMW2200211,CP01
DMCABJMW2200212,CP01
DMCABJMW2200213,CP01
DMCABJMW2200214,CP01
DMCABJMW2200215,CP01
DMCABJMW2200216,CP01
DMCABJMW2200217,CP01
DMCABJMW2200218,CP01
DMCABJMW2200219,CP01
DMCABJMW2200220,CP01
DMCABJMW2200221,CP01
DMCABJMW2200222,CP01
DMCABJMW2200223,CP01
DMCABJMW2200224,CP01
DMCABJMW2200225,CP01
DMCABJMW2200226,CP01
DMCABJMW2200227,CP01
DMCABJMW2200228,CP01
DMCABJMW2200229,CP01
DMCABJMW2200230,CP01
DMCABJMW2200231,CP01
DMCABJMW2200232,CP01
DMCABJMW2200233,CP01
DMCABJMW2200234,CP01
DMCABJMW2200235,CP01
DMCABJMW2200236,CP01
DMCABJMW2200237,CP01
DMCABJMW2200238,CP01
DMCABJMW2200239,CP01
DMCABJMW2200240,CP01
DMCABJMW2200241,CP01
DMCABJMW2200242,CP01
DMCABJMW2200243,CP01
DMCABJMW2200244,CP01
DMCABJMW2200245,CP01
DMCABJMW2200246,CP01
DMCABJMW2200247,CP01
DMCABJMW2200248,CP01
DMCABJMW2200249,CP01
DMCABJMW2200250,CP01
DMCABJMW2200251,CP01
DMCABJMW2200252,CP01
DMCABJMW2200253,CP01
DMCABJMW2200254,CP01
DMCABJMW2200255,CP01
DMCABJMW2200256,CP01
DMCABJMW2200257,CP01
DMCABJMW2200258,CP01
DMCABJMW2200259,CP01
DMCABJMW2200260,CP01
DMCABJMW2200261,CP01
DMCABJMW2200262,CP01
DMCABJMW2200263,CP01
DMCABJMW2200264,CP01
DMCABJMW2200265,CP01
DMCABJMW2200266,CP01
DMCABJMW2200267,CP01
DMCABJMW2200268,CP01
DMCABJMW2200269,CP01
DMCABJMW2200270,CP01
DMCABJMW2200271,CP01
DMCABJMW2200272,CP01
DMCABJMW2200273,CP01
DMCABJMW2200274,CP01
DMCABJMW2200275,CP01
DMCABJMW2200276,CP01
DMCABJMW2200277,CP01
DMCABJMW2200278,CP01
DMCABJMW2200279,CP01
DMCABJMW2200280,CP01
DMCABJMW2200281,CP01
DMCABJMW2200282,CP01
DMCABJMW2200283,CP01
DMCABJMW2200284,CP01
DMCABJMW2200285,CP01
DMCABJMW2200286,CP01
DMCABJMW2200287,CP01
DMCABJMW2200288,CP01
DMCABJMW2200289,CP01
DMCABJMW2200290,CP01
DMCABJMW2200291,CP01
DMCABJMW2200292,CP01
DMCABJMW2200293,CP01
DMCABJMW2200294,CP01
DMCABJMW2200295,CP01
DMCABJMW2200296,CP01
DMCABJMW2200297,CP01
DMCABJMW2200298,CP01
DMCABJMW2200299,CP01
DMCABJMW2200300,CP01
DMCABJMW2200301,CP01
DMCABJMW2200302,CP01
DMCABJMW2200303,CP01
DMCABJMW2200304,CP01
DMCABJMW2200305,CP01
DMCABJMW2200306,CP01
DMCABJMW2200307,CP01
DMCABJMW2200308,CP01
DMCABJMW2200309,CP01
DMCABJMW2200310,CP01
DMCABJMW2200311,CP01
DMCABJMW2200312,CP01
DMCABJMW2200313,CP01
DMCABJMW2200314,CP01
DMCABJMW2200315,CP01
DMCABJMW2200316,CP01
DMCABJMW2200317,CP01
DMCABJMW2200318,CP01
DMCABJMW2200319,CP01
DMCABJMW2200320,CP01
DMCABJMW2200321,CP01
DMCABJMW2200322,CP01
DMCABJMW2200323,CP01
DMCABJMW2200324,CP01
DMCABJMW2200325,CP01
DMCABJMW2200326,CP01
DMCABJMW2200327,CP01
DMCABJMW2200328,CP01
DMCABJMW2200329,CP01
DMCABJMW2200330,CP01
DMCABJMW2200331,CP01
DMCABJMW2200332,CP01
DMCABJMW2200333,CP01
DMCABJMW2200334,CP01
DMCABJMW2200335,CP01
DMCABJMW2200336,CP01
DMCABJMW2200337,CP01
DMCABJMW2200338,CP01
DMCABJMW2200339,CP01
DMCABJMW2200340,CP01
DMCABJMW2200341,CP01
DMCABJMW2200342,CP01
DMCABJMW2200343,CP01
DMCABJMW2200344,CP01
DMCABJMW2200345,CP01
ABJUIUX23001,CP03
ABJUIUX23002,CP03
ABJUIUX23003,CP03
ABJUIUX23004,CP03
ABJUIUX23005,CP03
ABJUIUX23006,CP03
ABJUIUX23007,CP03
ABJUIUX23008,CP03
ABJUIUX23009,CP03
ABJUIUX230010,CP03
ABJUIUX230011,CP03
ABJUIUX230012,CP03
ABJUIUX230013,CP03
ABJUIUX230014,CP03
ABJUIUX230015,CP03
ABJUIUX230016,CP03
ABJUIUX230017,CP03
ABJUIUX230018,CP03
ABJUIUX230019,CP03
ABJUIUX230020,CP03
ABJUIUX230021,CP03
ABJUIUX230022,CP03
ABJUIUX230023,CP03
ABJUIUX230024,CP03
ABJUIUX230025,CP03
ABJUIUX230026,CP03
ABJUIUX230027,CP03
ABJUIUX230028,CP03
ABJUIUX230030,CP03
ABJUIUX230032,CP03
ABJUIUX230034,CP03
ABJUIUX230035,CP03
ABJUIUX230036,CP03
ABJUIUX230037,CP03
ABJUIUX230038,CP03
ABJUIUX230042,CP03
ABJUIUX230043,CP03
ABJUIUX230045,CP03
ABJUIUX230046,CP03
ABJUIUX230047,CP03
ABJUIUX230048,CP03
ABJUIUX230049,CP03
ABJUIUX230050,CP03
ABJUIUX230051,CP03
ABJUIUX230052,CP03
ABJUIUX230053,CP03
ABJUIUX230054,CP03
ABJUIUX230055,CP03
ABJUIUX230056,CP03
ABJUIUX230057,CP03
ABJUIUX230058,CP03
ABJUIUX230059,CP03
ABJUIUX230060,CP03
ABJUIUX230061,CP03
ABJUIUX230062,CP03
ABJUIUX230063,CP03
ABJUIUX230064,CP03
ABJUIUX230065,CP03
ABJUIUX230066,CP03
ABJUIUX230067,CP03
ABJUIUX230068,CP03
ABJUIUX230069,CP03
ABJUIUX230070,CP03
ABJUIUX230071,CP03
ABJUIUX230072,CP03
ABJUIUX230073,CP03
ABJUIUX230074,CP03
ABJUIUX230075,CP03
ABJUIUX230076,CP03
ABJUIUX230077,CP03
ABJUIUX230078,CP03
ABJUIUX230079,CP03
ABJUIUX230080,CP03
ABJUIUX230081,CP03
ABJUIUX230082,CP03
ABJUIUX230083,CP03
ABJUIUX230084,CP03
ABJUIUX230085,CP03
ABJUIUX230086,CP03
ABJUIUX230087,CP03
ABJUIUX230088,CP03
ABJUIUX230089,CP03
ABJUIUX230090,CP03
ABJUIUX230091,CP03
ABJUIUX230092,CP03
ABJUIUX230093,CP03
ABJUIUX230094,CP03
ABJUIUX230095,CP03
ABJUIUX230096,CP03
ABJUIUX230097,CP03
ABJUIUX230098,CP03
ABJUIUX230099,CP03
ABJUIUX2300100,CP03
ABJUIUX2300101,CP03
ABJUIUX2300102,CP03
ABJUIUX2300103,CP03
ABJUIUX2300104,CP03
ABJUIUX2300105,CP03
ABJUIUX2300106,CP03
ABJUIUX2300107,CP03
ABJUIUX2300108,CP03
ABJUIUX2300109,CP03
ABJUIUX2300110,CP03
ABJUIUX2300111,CP03
ABJUIUX2300112,CP03
ABJUIUX2300113,CP03
ABJUIUX2300114,CP03
ABJUIUX2300115,CP03
ABJUIUX2300116,CP03
ABJUIUX2300117,CP03
ABJUIUX2300118,CP03
ABJUIUX2300119,CP03
UIUXLG22001,CP03
UIUXLG22002,CP03
UIUXLG22003,CP03
UIUXLG22004,CP03
UIUXLG22005,CP03
UIUXLG22006,CP03
UIUXLG22007,CP03
UIUXLG22008,CP03
UIUXLG22009,CP03
UIUXLG220010,CP03
UIUXLG220011,CP03
UIUXLG220012,CP03
UIUXLG220013,CP03
UIUXLG220014,CP03
UIUXLG220015,CP03
UIUXLG220016,CP03
UIUXLG220017,CP03
UIUXLG220018,CP03
UIUXLG220019,CP03
UIUXLG220020,CP03
UIUXLG220021,CP03
UIUXLG220022,CP03
UIUXLG220023,CP03
UIUXLG220024,CP03
UIUXLG220025,CP03
UIUXLG220026,CP03
UIUXLG220027,CP03
UIUXLG220028,CP03
UIUXLG220029,CP03
UIUXLG220030,CP03
UIUXLG220031,CP03
UIUXLG220032,CP03
UIUXLG220033,CP03
UIUXLG220034,CP03
UIUXLG220035,CP03
UIUXLG220036,CP03
UIUXLG220037,CP03
UIUXLG220038,CP03
UIUXLG220039,CP03
UIUXLG220040,CP03
UIUXLG220041,CP03
UIUXLG220042,CP03
UIUXLG220043,CP03
UIUXLG220044,CP03
UIUXLG220045,CP03
UIUXLG220046,CP03
UIUXLG220047,CP03
UIUXLG220048,CP03
UIUXLG220049,CP03
UIUXLG220050,CP03
UIUXLG220051,CP03
UIUXLG220052,CP03
ABJCYBSEC0001,CP02
ABJCYBSEC0002,CP02
ABJCYBSEC0003,CP02
ABJCYBSEC0004,CP02
ABJCYBSEC0005,CP02
ABJCYBSEC0006,CP02
ABJCYBSEC0007,CP02
ABJCYBSEC0008,CP02
ABJCYBSEC0009,CP02
ABJCYBSEC00010,CP02
ABJCYBSEC00011,CP02
ABJCYBSEC00012,CP02
ABJCYBSEC00013,CP02
ABJCYBSEC00014,CP02
ABJCYBSEC00015,CP02
ABJCYBSEC00016,CP02
ABJCYBSEC00017,CP02
ABJCYBSEC00018,CP02
ABJCYBSEC00019,CP02
ABJCYBSEC00020,CP02
ABJCYBSEC00021,CP02
ABJCYBSEC00022,CP02
ABJCYBSEC00023,CP02
ABJCYBSEC00024,CP02
ABJCYBSEC00025,CP02
ABJCYBSEC00026,CP02
ABJCYBSEC00027,CP02
ABJCYBSEC00028,CP02
ABJCYBSEC00029,CP02
ABJCYBSEC00030,CP02
ABJCYBSEC00031,CP02
ABJCYBSEC00032,CP02
ABJCYBSEC00033,CP02
ABJCYBSEC00034,CP02
ABJCYBSEC00035,CP02
ABJCYBSEC00036,CP02
ABJCYBSEC00037,CP02
ABJCYBSEC00038,CP02
ABJCYBSEC00039,CP02
ABJCYBSEC00040,CP02
ABJCYBSEC00041,CP02
ABJCYBSEC00042,CP02
ABJCYBSEC00043,CP02
ABJCYBSEC00044,CP02
ABJCYBSEC00045,CP02
ABJCYBSEC00046,CP02
ABJCYBSEC00047,CP02
ABJCYBSEC00048,CP02
ABJCYBSEC00049,CP02
ABJCYBSEC00050,CP02
ABJCYBSEC00051,CP02
ABJCYBSEC00052,CP02
ABJCYBSEC00053,CP02
ABJCYBSEC00054,CP02
ABJCYBSEC00055,CP02
ABJCYBSEC00056,CP02
ABJCYBSEC00057,CP02
ABJCYBSEC00058,CP02
ABJCYBSEC00059,CP02
ABJCYBSEC00060,CP02
ABJCYBSEC00061,CP02
ABJCYBSEC00062,CP02
ABJCYBSEC00064,CP02
ABJCYBSEC00065,CP02
ABJCYBSEC00066,CP02
ABJCYBSEC00067,CP02
ABJCYBSEC00068,CP02
ABJCYBSEC00069,CP02
ABJCYBSEC00070,CP02
ABJCYBSEC00071,CP02
ABJCYBSEC00072,CP02
ABJCYBSEC00073,CP02
ABJCYBSEC00074,CP02
ABJCYBSEC00075,CP02
ABJCYBSEC00076,CP02
ABJCYBSEC00077,CP02
ABJCYBSEC00078,CP02
ABJCYBSEC00079,CP02
ABJCYBSEC00082,CP02
ABJCYBSEC00084,CP02
ABJCYBSEC00086,CP02
ABJCYBSEC00087,CP02
ABJCYBSEC00088,CP02
ABJCYBSEC00090,CP02
ABJCYBSEC00092,CP02
ABJCYBSEC00093,CP02
ABJCYBSEC00094,CP02
ABJCYBSEC00096,CP02
ABJCYBSEC00099,CP02
ABJCYBSEC000100,CP02
ABJCYBSEC000102,CP02
ABJCYBSEC000103,CP02
ABJCYBSEC000105,CP02
ABJCYBSEC000106,CP02
ABJCYBSEC000109,CP02
CBSECLG22001,CP02
CBSECLG22002,CP02
CBSECLG22003,CP02
CBSECLG22004,CP02
CBSECLG22005,CP02
CBSECLG22006,CP02
CBSECLG22007,CP02
CBSECLG22008,CP02
CBSECLG22009,CP02
CBSECLG220010,CP02
CBSECLG220011,CP02
CBSECLG220012,CP02
CBSECLG220013,CP02
CBSECLG220014,CP02
CBSECLG220015,CP02
CBSECLG220016,CP02
CBSECLG220017,CP02
CBSECLG220018,CP02
CBSECLG220019,CP02
CBSECLG220020,CP02
CBSECLG220021,CP02
CBSECLG220022,CP02
CBSECLG220023,CP02
CBSECLG220024,CP02
CBSECLG220025,CP02
CBSECLG220026,CP02
CBSECLG220027,CP02
CBSECLG220028,CP02
CBSECLG220029,CP02
CBSECLG220030,CP02
CBSECLG220031,CP02
CBSECLG220032,CP02
CBSECLG220033,CP02
CBSECLG220034,CP02
CBSECLG220035,CP02
CBSECLG220036,CP02
CBSECLG220037,CP02
CBSECLG220038,CP02
CBSECLG220039,CP02
CBSECLG220040,CP02
CBSECLG220041,CP02
CBSECLG220042,CP02
CBSECLG220043,CP02
CBSECLG220044,CP02
CBSECLG220045,CP02
CBSECLG220046,CP02
CBSECLG220047,CP02
CBSECLG220048,CP02
CBSECLG220049,CP02
CBSECLG220050,CP02
CBSECLG220051,CP02
CBSECLG220052,CP02
CBSECLG220053,CP02
CBSECLG220054,CP02
CBSECLG220055,CP02
CBSECLG220056,CP02
CBSECLG220057,CP02
CBSECLG220058,CP02
CBSECLG220059,CP02
CBSECLG220060,CP02
CBSECLG220061,CP02
CBSECLG220062,CP02
CBSECLG220063,CP02
CBSECLG220064,CP02
CBSECLG220065,CP02
CBSECLG220066,CP02
CBSECLG220067,CP02
CBSECLG220068,CP02
CBSECLG220069,CP02
CBSECLG220070,CP02
CBSECLG220071,CP02
CBSECLG220072,CP02
CBSECLG220073,CP02
CBSECLG220074,CP02
CBSECLG220075,CP02
CBSECLG220076,CP02
CBSECLG220077,CP02
CBSECLG220078,CP02
CBSECLG220079,CP02
CBSECLG220080,CP02
CBSECLG220081,CP02
CBSECLG220082,CP02
CBSECLG220083,CP02
CBSECLG220084,CP02
CBSECLG220085,CP02
CBSECLG220086,CP02
CBSECLG220087,CP02
CBSECLG220088,CP02
CBSECLG220089,CP02
ABJSA23001,CP04
ABJSA23002,CP04
ABJSA23003,CP04
ABJSA23004,CP04
ABJSA23005,CP04
ABJSA23006,CP04
ABJSA23007,CP04
ABJSA23008,CP04
ABJSA23009,CP04
ABJSA230010,CP04
ABJSA230011,CP04
ABJSA230012,CP04
ABJSA230013,CP04
ABJSA230014,CP04
ABJSA230015,CP04
ABJSA230016,CP04
ABJSA230017,CP04
ABJSA230018,CP04
